Date,Open,High,Low,Close,Adj Close,Volume
2024-04-05,68520.15625,68658.070313,66572.023438,66886.757813,66886.757813,36221796352.0
2024-04-05 11:08:06,68520.15625,68658.070313,66572.023438,61751.5,66886.757813,36221796352.0
2024-04-05 11:08:17,68520.15625,68658.070313,66572.023438,61722.9,66886.757813,36221796352.0
2024-04-05 11:08:30,68520.15625,68658.070313,66572.023438,61675.1,66886.757813,36221796352.0
2024-04-05 11:08:42,68520.15625,68658.070313,66572.023438,61661.2,66886.757813,36221796352.0
2024-04-05 11:08:55,68520.15625,68658.070313,66572.023438,61661.2,66886.757813,36221796352.0
2024-04-05 11:09:10,68520.15625,68658.070313,66572.023438,61681.3,66886.757813,36221796352.0
2024-04-05 11:09:26,68520.15625,68658.070313,66572.023438,61667.2,66886.757813,36221796352.0
2024-04-05 11:09:39,68520.15625,68658.070313,66572.023438,61661.2,66886.757813,36221796352.0
2024-04-05 11:09:52,68520.15625,68658.070313,66572.023438,61662.2,66886.757813,36221796352.0
2024-04-05 11:10:05,68520.15625,68658.070313,66572.023438,61725.3,66886.757813,36221796352.0
2024-04-05 11:10:22,68520.15625,68658.070313,66572.023438,61707.8,66886.757813,36221796352.0
2024-04-05 11:10:39,68520.15625,68658.070313,66572.023438,61707.8,66886.757813,36221796352.0
2024-04-05 11:10:49,68520.15625,68658.070313,66572.023438,61725.0,66886.757813,36221796352.0
2024-04-05 11:11:00,68520.15625,68658.070313,66572.023438,61728.2,66886.757813,36221796352.0
2024-04-05 11:11:09,68520.15625,68658.070313,66572.023438,61719.0,66886.757813,36221796352.0
2024-04-05 11:11:21,68520.15625,68658.070313,66572.023438,61734.6,66886.757813,36221796352.0
2024-04-05 11:11:32,68520.15625,68658.070313,66572.023438,61769.6,66886.757813,36221796352.0
2024-04-05 11:11:44,68520.15625,68658.070313,66572.023438,61798.1,66886.757813,36221796352.0
2024-04-05 11:11:57,68520.15625,68658.070313,66572.023438,61798.1,66886.757813,36221796352.0
2024-04-05 11:12:10,68520.15625,68658.070313,66572.023438,61800.1,66886.757813,36221796352.0
2024-04-05 11:12:24,68520.15625,68658.070313,66572.023438,61800.2,66886.757813,36221796352.0
2024-04-05 11:12:38,68520.15625,68658.070313,66572.023438,61799.8,66886.757813,36221796352.0
2024-04-05 11:12:55,68520.15625,68658.070313,66572.023438,61827.9,66886.757813,36221796352.0
2024-04-05 11:13:10,68520.15625,68658.070313,66572.023438,61806.3,66886.757813,36221796352.0
2024-04-05 11:13:24,68520.15625,68658.070313,66572.023438,61817.4,66886.757813,36221796352.0
2024-04-05 11:13:38,68520.15625,68658.070313,66572.023438,61831.9,66886.757813,36221796352.0
2024-04-05 11:13:51,68520.15625,68658.070313,66572.023438,61831.0,66886.757813,36221796352.0
2024-04-05 11:14:03,68520.15625,68658.070313,66572.023438,61824.0,66886.757813,36221796352.0
2024-04-05 11:14:16,68520.15625,68658.070313,66572.023438,61838.1,66886.757813,36221796352.0
2024-04-05 11:14:34,68520.15625,68658.070313,66572.023438,61814.2,66886.757813,36221796352.0
2024-04-05 11:14:51,68520.15625,68658.070313,66572.023438,61832.3,66886.757813,36221796352.0
2024-04-05 11:15:05,68520.15625,68658.070313,66572.023438,61820.6,66886.757813,36221796352.0
2024-04-05 11:15:20,68520.15625,68658.070313,66572.023438,61819.9,66886.757813,36221796352.0
2024-04-05 11:15:35,68520.15625,68658.070313,66572.023438,61775.1,66886.757813,36221796352.0
2024-04-05 11:15:52,68520.15625,68658.070313,66572.023438,61760.3,66886.757813,36221796352.0
2024-04-05 11:16:07,68520.15625,68658.070313,66572.023438,61740.1,66886.757813,36221796352.0
2024-04-05 11:16:23,68520.15625,68658.070313,66572.023438,61729.1,66886.757813,36221796352.0
2024-04-05 11:16:42,68520.15625,68658.070313,66572.023438,61728.0,66886.757813,36221796352.0
2024-04-05 11:16:55,68520.15625,68658.070313,66572.023438,61704.2,66886.757813,36221796352.0
2024-04-05 11:17:07,68520.15625,68658.070313,66572.023438,61691.8,66886.757813,36221796352.0
2024-04-05 11:17:23,68520.15625,68658.070313,66572.023438,61641.9,66886.757813,36221796352.0
2024-04-05 11:17:38,68520.15625,68658.070313,66572.023438,61562.8,66886.757813,36221796352.0
2024-04-05 11:17:52,68520.15625,68658.070313,66572.023438,61600.9,66886.757813,36221796352.0
2024-04-05 11:18:06,68520.15625,68658.070313,66572.023438,61568.5,66886.757813,36221796352.0
2024-04-05 11:18:19,68520.15625,68658.070313,66572.023438,61615.3,66886.757813,36221796352.0
2024-04-05 11:18:32,68520.15625,68658.070313,66572.023438,61617.7,66886.757813,36221796352.0
2024-04-05 11:18:46,68520.15625,68658.070313,66572.023438,61627.6,66886.757813,36221796352.0
2024-04-05 11:19:01,68520.15625,68658.070313,66572.023438,61612.9,66886.757813,36221796352.0
2024-04-05 11:19:13,68520.15625,68658.070313,66572.023438,61612.9,66886.757813,36221796352.0
2024-04-05 11:19:25,68520.15625,68658.070313,66572.023438,61612.9,66886.757813,36221796352.0
2024-04-05 11:19:37,68520.15625,68658.070313,66572.023438,61614.4,66886.757813,36221796352.0
2024-04-05 11:19:50,68520.15625,68658.070313,66572.023438,61606.9,66886.757813,36221796352.0
2024-04-05 11:20:03,68520.15625,68658.070313,66572.023438,61603.0,66886.757813,36221796352.0
2024-04-05 11:20:14,68520.15625,68658.070313,66572.023438,61568.4,66886.757813,36221796352.0
2024-04-05 11:20:26,68520.15625,68658.070313,66572.023438,61583.4,66886.757813,36221796352.0
2024-04-05 11:20:42,68520.15625,68658.070313,66572.023438,61570.4,66886.757813,36221796352.0
2024-04-05 11:20:56,68520.15625,68658.070313,66572.023438,61567.2,66886.757813,36221796352.0
2024-04-05 11:21:18,68520.15625,68658.070313,66572.023438,61500.0,66886.757813,36221796352.0
2024-04-05 11:21:32,68520.15625,68658.070313,66572.023438,61454.5,66886.757813,36221796352.0
2024-04-05 11:21:47,68520.15625,68658.070313,66572.023438,61444.6,66886.757813,36221796352.0
2024-04-05 11:22:02,68520.15625,68658.070313,66572.023438,61402.3,66886.757813,36221796352.0
2024-04-05 11:22:17,68520.15625,68658.070313,66572.023438,61401.7,66886.757813,36221796352.0
2024-04-05 11:22:30,68520.15625,68658.070313,66572.023438,61376.7,66886.757813,36221796352.0
2024-04-05 11:22:42,68520.15625,68658.070313,66572.023438,61315.3,66886.757813,36221796352.0
2024-04-05 11:22:54,68520.15625,68658.070313,66572.023438,61303.8,66886.757813,36221796352.0
2024-04-05 11:23:08,68520.15625,68658.070313,66572.023438,61306.9,66886.757813,36221796352.0
2024-04-05 11:23:21,68520.15625,68658.070313,66572.023438,61302.5,66886.757813,36221796352.0
2024-04-05 11:23:36,68520.15625,68658.070313,66572.023438,61359.4,66886.757813,36221796352.0
2024-04-05 11:23:49,68520.15625,68658.070313,66572.023438,61302.5,66886.757813,36221796352.0
2024-04-05 11:24:02,68520.15625,68658.070313,66572.023438,61319.9,66886.757813,36221796352.0
2024-04-05 11:24:14,68520.15625,68658.070313,66572.023438,61316.8,66886.757813,36221796352.0
2024-04-05 11:24:27,68520.15625,68658.070313,66572.023438,61317.0,66886.757813,36221796352.0
2024-04-05 11:24:41,68520.15625,68658.070313,66572.023438,61284.0,66886.757813,36221796352.0
2024-04-05 11:25:08,68520.15625,68658.070313,66572.023438,61307.7,66886.757813,36221796352.0
2024-04-05 11:25:33,68520.15625,68658.070313,66572.023438,61291.7,66886.757813,36221796352.0
2024-04-05 11:25:58,68520.15625,68658.070313,66572.023438,61455.6,66886.757813,36221796352.0
2024-04-05 11:26:22,68520.15625,68658.070313,66572.023438,61473.8,66886.757813,36221796352.0
2024-04-05 11:26:45,68520.15625,68658.070313,66572.023438,61407.6,66886.757813,36221796352.0
2024-04-05 11:27:09,68520.15625,68658.070313,66572.023438,61450.8,66886.757813,36221796352.0
2024-04-05 11:27:33,68520.15625,68658.070313,66572.023438,61425.0,66886.757813,36221796352.0
2024-04-05 11:27:58,68520.15625,68658.070313,66572.023438,61455.7,66886.757813,36221796352.0
2024-04-05 11:28:21,68520.15625,68658.070313,66572.023438,61454.6,66886.757813,36221796352.0
2024-04-05 11:28:46,68520.15625,68658.070313,66572.023438,61499.3,66886.757813,36221796352.0
2024-04-05 11:29:00,68520.15625,68658.070313,66572.023438,61454.6,66886.757813,36221796352.0
2024-04-05 11:29:16,68520.15625,68658.070313,66572.023438,61458.9,66886.757813,36221796352.0
2024-04-05 11:29:44,68520.15625,68658.070313,66572.023438,61501.6,66886.757813,36221796352.0
2024-04-05 11:30:05,68520.15625,68658.070313,66572.023438,61491.7,66886.757813,36221796352.0
2024-04-05 11:30:18,68520.15625,68658.070313,66572.023438,61483.7,66886.757813,36221796352.0
2024-04-05 11:30:31,68520.15625,68658.070313,66572.023438,61483.7,66886.757813,36221796352.0
2024-04-05 11:30:45,68520.15625,68658.070313,66572.023438,61489.4,66886.757813,36221796352.0
2024-04-05 11:31:00,68520.15625,68658.070313,66572.023438,61483.7,66886.757813,36221796352.0
2024-04-05 11:31:14,68520.15625,68658.070313,66572.023438,61449.1,66886.757813,36221796352.0
2024-04-05 11:31:28,68520.15625,68658.070313,66572.023438,61434.5,66886.757813,36221796352.0
2024-04-05 11:31:40,68520.15625,68658.070313,66572.023438,61439.7,66886.757813,36221796352.0
2024-04-05 11:31:53,68520.15625,68658.070313,66572.023438,61446.2,66886.757813,36221796352.0
2024-04-05 11:32:07,68520.15625,68658.070313,66572.023438,61483.6,66886.757813,36221796352.0
2024-04-05 11:32:20,68520.15625,68658.070313,66572.023438,61508.0,66886.757813,36221796352.0
2024-04-05 11:32:33,68520.15625,68658.070313,66572.023438,61516.2,66886.757813,36221796352.0
2024-04-05 11:32:47,68520.15625,68658.070313,66572.023438,61500.4,66886.757813,36221796352.0
2024-04-05 11:33:00,68520.15625,68658.070313,66572.023438,61561.8,66886.757813,36221796352.0
2024-04-05 11:33:14,68520.15625,68658.070313,66572.023438,61588.9,66886.757813,36221796352.0
2024-04-05 11:33:28,68520.15625,68658.070313,66572.023438,61589.0,66886.757813,36221796352.0
2024-04-05 11:33:42,68520.15625,68658.070313,66572.023438,61647.4,66886.757813,36221796352.0
2024-04-05 11:33:56,68520.15625,68658.070313,66572.023438,61633.5,66886.757813,36221796352.0
2024-04-05 11:34:11,68520.15625,68658.070313,66572.023438,61589.0,66886.757813,36221796352.0
2024-04-05 11:34:24,68520.15625,68658.070313,66572.023438,61589.0,66886.757813,36221796352.0
2024-04-05 11:34:37,68520.15625,68658.070313,66572.023438,61528.2,66886.757813,36221796352.0
2024-04-05 11:34:51,68520.15625,68658.070313,66572.023438,61548.9,66886.757813,36221796352.0
2024-04-05 11:35:15,68520.15625,68658.070313,66572.023438,61524.3,66886.757813,36221796352.0
2024-04-05 11:35:41,68520.15625,68658.070313,66572.023438,61530.9,66886.757813,36221796352.0
2024-04-05 11:36:09,68520.15625,68658.070313,66572.023438,61517.7,66886.757813,36221796352.0
2024-04-05 11:36:34,68520.15625,68658.070313,66572.023438,61517.8,66886.757813,36221796352.0
2024-04-05 11:37:00,68520.15625,68658.070313,66572.023438,61531.7,66886.757813,36221796352.0
2024-04-05 11:37:28,68520.15625,68658.070313,66572.023438,61535.0,66886.757813,36221796352.0
2024-04-05 11:37:53,68520.15625,68658.070313,66572.023438,61535.0,66886.757813,36221796352.0
2024-04-05 11:38:22,68520.15625,68658.070313,66572.023438,61535.0,66886.757813,36221796352.0
2024-04-05 11:38:46,68520.15625,68658.070313,66572.023438,61550.0,66886.757813,36221796352.0
2024-04-05 11:39:13,68520.15625,68658.070313,66572.023438,61548.1,66886.757813,36221796352.0
2024-04-05 11:39:42,68520.15625,68658.070313,66572.023438,61597.1,66886.757813,36221796352.0
2024-04-05 11:40:07,68520.15625,68658.070313,66572.023438,61601.5,66886.757813,36221796352.0
2024-04-05 11:40:33,68520.15625,68658.070313,66572.023438,61600.7,66886.757813,36221796352.0
2024-04-05 11:40:59,68520.15625,68658.070313,66572.023438,61643.0,66886.757813,36221796352.0
2024-04-05 11:41:26,68520.15625,68658.070313,66572.023438,61607.9,66886.757813,36221796352.0
2024-04-05 11:41:55,68520.15625,68658.070313,66572.023438,61602.4,66886.757813,36221796352.0
2024-04-05 11:42:22,68520.15625,68658.070313,66572.023438,61602.4,66886.757813,36221796352.0
2024-04-05 11:42:49,68520.15625,68658.070313,66572.023438,61549.2,66886.757813,36221796352.0
2024-04-05 11:43:17,68520.15625,68658.070313,66572.023438,61539.8,66886.757813,36221796352.0
2024-04-05 11:43:44,68520.15625,68658.070313,66572.023438,61585.9,66886.757813,36221796352.0
2024-04-05 11:44:13,68520.15625,68658.070313,66572.023438,61602.2,66886.757813,36221796352.0
2024-04-05 11:44:40,68520.15625,68658.070313,66572.023438,61584.5,66886.757813,36221796352.0
2024-04-05 11:45:07,68520.15625,68658.070313,66572.023438,61671.8,66886.757813,36221796352.0
2024-04-05 11:45:25,68520.15625,68658.070313,66572.023438,61612.0,66886.757813,36221796352.0
2024-04-05 11:45:51,68520.15625,68658.070313,66572.023438,61612.0,66886.757813,36221796352.0
2024-04-05 11:46:15,68520.15625,68658.070313,66572.023438,61611.9,66886.757813,36221796352.0
2024-04-05 11:46:42,68520.15625,68658.070313,66572.023438,61627.1,66886.757813,36221796352.0
2024-04-05 11:47:13,68520.15625,68658.070313,66572.023438,61612.0,66886.757813,36221796352.0
2024-04-05 11:47:43,68520.15625,68658.070313,66572.023438,61548.5,66886.757813,36221796352.0
2024-04-05 11:48:11,68520.15625,68658.070313,66572.023438,61546.8,66886.757813,36221796352.0
2024-04-05 11:48:39,68520.15625,68658.070313,66572.023438,61618.3,66886.757813,36221796352.0
2024-04-05 11:49:08,68520.15625,68658.070313,66572.023438,61627.1,66886.757813,36221796352.0
2024-04-05 11:49:37,68520.15625,68658.070313,66572.023438,61614.2,66886.757813,36221796352.0
2024-04-05 11:50:08,68520.15625,68658.070313,66572.023438,61602.1,66886.757813,36221796352.0
2024-04-05 11:50:36,68520.15625,68658.070313,66572.023438,61627.1,66886.757813,36221796352.0
2024-04-05 11:51:06,68520.15625,68658.070313,66572.023438,61612.5,66886.757813,36221796352.0
2024-04-05 11:51:35,68520.15625,68658.070313,66572.023438,61608.8,66886.757813,36221796352.0
2024-04-05 11:52:05,68520.15625,68658.070313,66572.023438,61627.1,66886.757813,36221796352.0
2024-04-05 11:52:34,68520.15625,68658.070313,66572.023438,61624.6,66886.757813,36221796352.0
2024-04-05 11:53:02,68520.15625,68658.070313,66572.023438,61607.7,66886.757813,36221796352.0
2024-04-05 11:53:31,68520.15625,68658.070313,66572.023438,61607.7,66886.757813,36221796352.0
2024-04-05 11:53:58,68520.15625,68658.070313,66572.023438,61607.7,66886.757813,36221796352.0
2024-04-05 11:54:28,68520.15625,68658.070313,66572.023438,61602.1,66886.757813,36221796352.0
2024-04-05 11:54:57,68520.15625,68658.070313,66572.023438,61616.7,66886.757813,36221796352.0
2024-04-05 11:55:25,68520.15625,68658.070313,66572.023438,61599.1,66886.757813,36221796352.0
2024-04-05 11:55:53,68520.15625,68658.070313,66572.023438,61618.9,66886.757813,36221796352.0
2024-04-05 11:56:21,68520.15625,68658.070313,66572.023438,61597.2,66886.757813,36221796352.0
2024-04-05 11:56:51,68520.15625,68658.070313,66572.023438,61603.0,66886.757813,36221796352.0
2024-04-05 11:57:20,68520.15625,68658.070313,66572.023438,61603.0,66886.757813,36221796352.0
2024-04-05 11:57:46,68520.15625,68658.070313,66572.023438,61603.0,66886.757813,36221796352.0
2024-04-05 11:58:16,68520.15625,68658.070313,66572.023438,61650.5,66886.757813,36221796352.0
2024-04-05 11:58:46,68520.15625,68658.070313,66572.023438,61697.6,66886.757813,36221796352.0
2024-04-05 11:59:16,68520.15625,68658.070313,66572.023438,61702.9,66886.757813,36221796352.0
2024-04-05 11:59:45,68520.15625,68658.070313,66572.023438,61702.8,66886.757813,36221796352.0
2024-04-05 12:00:15,68520.15625,68658.070313,66572.023438,61702.9,66886.757813,36221796352.0
2024-04-05 12:00:43,68520.15625,68658.070313,66572.023438,61720.3,66886.757813,36221796352.0
2024-04-05 12:01:13,68520.15625,68658.070313,66572.023438,61711.2,66886.757813,36221796352.0
2024-04-05 12:01:42,68520.15625,68658.070313,66572.023438,61689.2,66886.757813,36221796352.0
2024-04-05 12:02:11,68520.15625,68658.070313,66572.023438,61687.9,66886.757813,36221796352.0
2024-04-05 12:02:41,68520.15625,68658.070313,66572.023438,61685.5,66886.757813,36221796352.0
2024-04-05 12:03:12,68520.15625,68658.070313,66572.023438,61697.7,66886.757813,36221796352.0
2024-04-05 12:03:39,68520.15625,68658.070313,66572.023438,61697.7,66886.757813,36221796352.0
2024-04-05 12:04:06,68520.15625,68658.070313,66572.023438,61705.1,66886.757813,36221796352.0
2024-04-05 12:04:36,68520.15625,68658.070313,66572.023438,61705.1,66886.757813,36221796352.0
2024-04-05 12:05:07,68520.15625,68658.070313,66572.023438,61705.1,66886.757813,36221796352.0
2024-04-05 12:05:36,68520.15625,68658.070313,66572.023438,61705.1,66886.757813,36221796352.0
2024-04-05 12:06:01,68520.15625,68658.070313,66572.023438,61705.1,66886.757813,36221796352.0
2024-04-05 12:06:30,68520.15625,68658.070313,66572.023438,61705.1,66886.757813,36221796352.0
2024-04-05 12:07:02,68520.15625,68658.070313,66572.023438,61705.1,66886.757813,36221796352.0
2024-04-05 12:07:35,68520.15625,68658.070313,66572.023438,61705.1,66886.757813,36221796352.0
2024-04-05 14:00:20,68520.15625,68658.070313,66572.023438,61414.6,66886.757813,36221796352.0
2024-04-05 14:00:41,68520.15625,68658.070313,66572.023438,61454.6,66886.757813,36221796352.0
2024-04-05 14:00:59,68520.15625,68658.070313,66572.023438,61423.0,66886.757813,36221796352.0
2024-04-05 14:01:14,68520.15625,68658.070313,66572.023438,61422.9,66886.757813,36221796352.0
2024-04-05 14:01:28,68520.15625,68658.070313,66572.023438,61414.7,66886.757813,36221796352.0
2024-04-05 14:01:46,68520.15625,68658.070313,66572.023438,61414.7,66886.757813,36221796352.0
2024-04-05 14:02:19,68520.15625,68658.070313,66572.023438,61441.8,66886.757813,36221796352.0
2024-04-05 14:02:45,68520.15625,68658.070313,66572.023438,61442.7,66886.757813,36221796352.0
2024-04-05 14:03:13,68520.15625,68658.070313,66572.023438,61357.8,66886.757813,36221796352.0
2024-04-05 14:03:40,68520.15625,68658.070313,66572.023438,61275.4,66886.757813,36221796352.0
2024-04-05 14:04:07,68520.15625,68658.070313,66572.023438,61215.0,66886.757813,36221796352.0
2024-04-05 14:04:35,68520.15625,68658.070313,66572.023438,61201.3,66886.757813,36221796352.0
2024-04-05 14:05:06,68520.15625,68658.070313,66572.023438,61347.2,66886.757813,36221796352.0
2024-04-05 14:05:36,68520.15625,68658.070313,66572.023438,61295.8,66886.757813,36221796352.0
2024-04-05 14:06:07,68520.15625,68658.070313,66572.023438,61321.1,66886.757813,36221796352.0
2024-04-05 14:06:36,68520.15625,68658.070313,66572.023438,61343.9,66886.757813,36221796352.0
2024-04-05 14:07:07,68520.15625,68658.070313,66572.023438,61344.0,66886.757813,36221796352.0
2024-04-05 14:07:35,68520.15625,68658.070313,66572.023438,61368.4,66886.757813,36221796352.0
2024-04-05 14:08:01,68520.15625,68658.070313,66572.023438,61441.6,66886.757813,36221796352.0
2024-04-05 14:08:26,68520.15625,68658.070313,66572.023438,61481.0,66886.757813,36221796352.0
2024-04-05 14:08:53,68520.15625,68658.070313,66572.023438,61496.5,66886.757813,36221796352.0
2024-04-05 14:09:17,68520.15625,68658.070313,66572.023438,61464.2,66886.757813,36221796352.0
2024-04-05 14:09:45,68520.15625,68658.070313,66572.023438,61518.8,66886.757813,36221796352.0
2024-04-05 14:10:13,68520.15625,68658.070313,66572.023438,61532.2,66886.757813,36221796352.0
2024-04-05 14:10:42,68520.15625,68658.070313,66572.023438,61499.4,66886.757813,36221796352.0
2024-04-05 14:11:07,68520.15625,68658.070313,66572.023438,61499.4,66886.757813,36221796352.0
2024-04-05 14:11:36,68520.15625,68658.070313,66572.023438,61547.8,66886.757813,36221796352.0
2024-04-05 14:12:00,68520.15625,68658.070313,66572.023438,61557.9,66886.757813,36221796352.0
2024-04-05 14:12:27,68520.15625,68658.070313,66572.023438,61563.1,66886.757813,36221796352.0
2024-04-05 14:12:52,68520.15625,68658.070313,66572.023438,61546.5,66886.757813,36221796352.0
2024-04-05 14:13:16,68520.15625,68658.070313,66572.023438,61507.6,66886.757813,36221796352.0
2024-04-05 14:13:43,68520.15625,68658.070313,66572.023438,61467.4,66886.757813,36221796352.0
2024-04-05 14:14:09,68520.15625,68658.070313,66572.023438,61489.1,66886.757813,36221796352.0
2024-04-05 14:14:34,68520.15625,68658.070313,66572.023438,61467.3,66886.757813,36221796352.0
2024-04-05 14:14:57,68520.15625,68658.070313,66572.023438,61476.0,66886.757813,36221796352.0
2024-04-05 14:15:22,68520.15625,68658.070313,66572.023438,61474.9,66886.757813,36221796352.0
2024-04-05 14:15:47,68520.15625,68658.070313,66572.023438,61505.4,66886.757813,36221796352.0
2024-04-05 14:16:12,68520.15625,68658.070313,66572.023438,61475.1,66886.757813,36221796352.0
2024-04-05 14:16:27,68520.15625,68658.070313,66572.023438,61488.5,66886.757813,36221796352.0
2024-04-05 14:16:52,68520.15625,68658.070313,66572.023438,61506.8,66886.757813,36221796352.0
2024-04-05 14:17:08,68520.15625,68658.070313,66572.023438,61506.8,66886.757813,36221796352.0
2024-04-05 14:17:32,68520.15625,68658.070313,66572.023438,61547.0,66886.757813,36221796352.0
2024-04-05 14:18:02,68520.15625,68658.070313,66572.023438,61518.4,66886.757813,36221796352.0
2024-04-05 14:18:33,68520.15625,68658.070313,66572.023438,61518.0,66886.757813,36221796352.0
2024-04-05 14:19:02,68520.15625,68658.070313,66572.023438,61517.9,66886.757813,36221796352.0
2024-04-05 14:19:29,68520.15625,68658.070313,66572.023438,61518.0,66886.757813,36221796352.0
2024-04-05 14:19:58,68520.15625,68658.070313,66572.023438,61505.8,66886.757813,36221796352.0
2024-04-05 14:20:26,68520.15625,68658.070313,66572.023438,61440.1,66886.757813,36221796352.0
2024-04-05 14:20:55,68520.15625,68658.070313,66572.023438,61440.1,66886.757813,36221796352.0
2024-04-05 14:21:24,68520.15625,68658.070313,66572.023438,61416.0,66886.757813,36221796352.0
2024-04-05 14:21:52,68520.15625,68658.070313,66572.023438,61416.1,66886.757813,36221796352.0
2024-04-05 14:22:22,68520.15625,68658.070313,66572.023438,61350.3,66886.757813,36221796352.0
2024-04-05 14:22:50,68520.15625,68658.070313,66572.023438,61350.4,66886.757813,36221796352.0
2024-04-05 14:23:13,68520.15625,68658.070313,66572.023438,61374.5,66886.757813,36221796352.0
2024-04-05 14:23:27,68520.15625,68658.070313,66572.023438,61448.8,66886.757813,36221796352.0
2024-04-05 14:23:45,68520.15625,68658.070313,66572.023438,61448.7,66886.757813,36221796352.0
2024-04-05 14:24:16,68520.15625,68658.070313,66572.023438,61369.5,66886.757813,36221796352.0
2024-04-05 14:24:44,68520.15625,68658.070313,66572.023438,61464.4,66886.757813,36221796352.0
2024-04-05 14:25:13,68520.15625,68658.070313,66572.023438,61492.5,66886.757813,36221796352.0
2024-04-05 14:25:43,68520.15625,68658.070313,66572.023438,61565.9,66886.757813,36221796352.0
2024-04-05 14:26:11,68520.15625,68658.070313,66572.023438,61563.4,66886.757813,36221796352.0
2024-04-05 14:26:43,68520.15625,68658.070313,66572.023438,61563.3,66886.757813,36221796352.0
2024-04-05 14:27:08,68520.15625,68658.070313,66572.023438,61586.4,66886.757813,36221796352.0
2024-04-05 14:27:26,68520.15625,68658.070313,66572.023438,61586.6,66886.757813,36221796352.0
2024-04-05 14:27:44,68520.15625,68658.070313,66572.023438,61600.7,66886.757813,36221796352.0
2024-04-05 14:28:01,68520.15625,68658.070313,66572.023438,61602.4,66886.757813,36221796352.0
2024-04-05 14:28:19,68520.15625,68658.070313,66572.023438,61611.2,66886.757813,36221796352.0
2024-04-05 14:28:43,68520.15625,68658.070313,66572.023438,61610.1,66886.757813,36221796352.0
2024-04-05 14:28:59,68520.15625,68658.070313,66572.023438,61625.0,66886.757813,36221796352.0
2024-04-05 14:29:18,68520.15625,68658.070313,66572.023438,61616.3,66886.757813,36221796352.0
2024-04-05 14:30:50,68520.15625,68658.070313,66572.023438,61424.9,66886.757813,36221796352.0
2024-04-05 14:31:19,68520.15625,68658.070313,66572.023438,61487.3,66886.757813,36221796352.0
2024-04-05 14:31:34,68520.15625,68658.070313,66572.023438,61366.2,66886.757813,36221796352.0
2024-04-05 14:31:52,68520.15625,68658.070313,66572.023438,61372.1,66886.757813,36221796352.0
2024-04-05 14:32:09,68520.15625,68658.070313,66572.023438,61350.4,66886.757813,36221796352.0
2024-04-05 14:32:23,68520.15625,68658.070313,66572.023438,61275.8,66886.757813,36221796352.0
2024-04-05 14:32:35,68520.15625,68658.070313,66572.023438,61304.0,66886.757813,36221796352.0
2024-04-05 14:32:52,68520.15625,68658.070313,66572.023438,61168.4,66886.757813,36221796352.0
2024-04-05 14:33:09,68520.15625,68658.070313,66572.023438,61302.5,66886.757813,36221796352.0
2024-04-05 14:33:26,68520.15625,68658.070313,66572.023438,61156.3,66886.757813,36221796352.0
2024-04-05 14:33:46,68520.15625,68658.070313,66572.023438,61246.2,66886.757813,36221796352.0
2024-04-05 14:34:05,68520.15625,68658.070313,66572.023438,61179.6,66886.757813,36221796352.0
2024-04-05 14:34:14,68520.15625,68658.070313,66572.023438,61263.5,66886.757813,36221796352.0
2024-04-05 14:34:24,68520.15625,68658.070313,66572.023438,61296.8,66886.757813,36221796352.0
2024-04-05 14:34:34,68520.15625,68658.070313,66572.023438,61299.0,66886.757813,36221796352.0
2024-04-05 14:34:46,68520.15625,68658.070313,66572.023438,61338.8,66886.757813,36221796352.0
2024-04-05 14:34:58,68520.15625,68658.070313,66572.023438,61368.4,66886.757813,36221796352.0
2024-04-05 14:35:10,68520.15625,68658.070313,66572.023438,61368.3,66886.757813,36221796352.0
2024-04-05 14:35:22,68520.15625,68658.070313,66572.023438,61266.9,66886.757813,36221796352.0
2024-04-05 14:35:33,68520.15625,68658.070313,66572.023438,61200.1,66886.757813,36221796352.0
2024-04-05 14:35:43,68520.15625,68658.070313,66572.023438,61200.1,66886.757813,36221796352.0
2024-04-05 14:35:54,68520.15625,68658.070313,66572.023438,61200.1,66886.757813,36221796352.0
2024-04-05 14:36:05,68520.15625,68658.070313,66572.023438,61183.7,66886.757813,36221796352.0
2024-04-05 14:36:15,68520.15625,68658.070313,66572.023438,61200.0,66886.757813,36221796352.0
2024-04-05 14:36:29,68520.15625,68658.070313,66572.023438,61200.1,66886.757813,36221796352.0
2024-04-05 14:36:41,68520.15625,68658.070313,66572.023438,61183.6,66886.757813,36221796352.0
2024-04-05 14:36:53,68520.15625,68658.070313,66572.023438,61183.7,66886.757813,36221796352.0
2024-04-05 14:37:05,68520.15625,68658.070313,66572.023438,61183.7,66886.757813,36221796352.0
2024-04-05 14:37:15,68520.15625,68658.070313,66572.023438,61111.1,66886.757813,36221796352.0
2024-04-05 14:37:26,68520.15625,68658.070313,66572.023438,61111.1,66886.757813,36221796352.0
2024-04-05 14:37:39,68520.15625,68658.070313,66572.023438,61086.7,66886.757813,36221796352.0
2024-04-05 14:42:42,68520.15625,68658.070313,66572.023438,61339.7,66886.757813,36221796352.0
2024-04-05 14:43:01,68520.15625,68658.070313,66572.023438,61394.2,66886.757813,36221796352.0
2024-04-05 14:43:19,68520.15625,68658.070313,66572.023438,61380.5,66886.757813,36221796352.0
2024-04-05 14:43:36,68520.15625,68658.070313,66572.023438,61407.1,66886.757813,36221796352.0
2024-04-05 14:43:53,68520.15625,68658.070313,66572.023438,61390.0,66886.757813,36221796352.0
2024-04-05 14:44:11,68520.15625,68658.070313,66572.023438,61433.4,66886.757813,36221796352.0
2024-04-05 14:44:30,68520.15625,68658.070313,66572.023438,61420.9,66886.757813,36221796352.0
2024-04-05 14:44:47,68520.15625,68658.070313,66572.023438,61415.1,66886.757813,36221796352.0
2024-04-05 14:45:06,68520.15625,68658.070313,66572.023438,61423.1,66886.757813,36221796352.0
2024-04-05 14:45:23,68520.15625,68658.070313,66572.023438,61449.9,66886.757813,36221796352.0
2024-04-05 14:45:40,68520.15625,68658.070313,66572.023438,61474.9,66886.757813,36221796352.0
2024-04-05 14:45:57,68520.15625,68658.070313,66572.023438,61481.3,66886.757813,36221796352.0
2024-04-05 14:46:15,68520.15625,68658.070313,66572.023438,61535.5,66886.757813,36221796352.0
2024-04-05 14:46:31,68520.15625,68658.070313,66572.023438,61557.3,66886.757813,36221796352.0
2024-04-05 14:46:47,68520.15625,68658.070313,66572.023438,61557.3,66886.757813,36221796352.0
2024-04-05 14:47:03,68520.15625,68658.070313,66572.023438,61557.2,66886.757813,36221796352.0
2024-04-05 14:47:23,68520.15625,68658.070313,66572.023438,61557.4,66886.757813,36221796352.0
2024-04-05 14:47:41,68520.15625,68658.070313,66572.023438,61557.3,66886.757813,36221796352.0
2024-04-05 14:47:58,68520.15625,68658.070313,66572.023438,61559.2,66886.757813,36221796352.0
2024-04-05 14:48:16,68520.15625,68658.070313,66572.023438,61603.9,66886.757813,36221796352.0
2024-04-05 14:50:03,68520.15625,68658.070313,66572.023438,61613.7,66886.757813,36221796352.0
2024-04-05 14:50:17,68520.15625,68658.070313,66572.023438,61613.7,66886.757813,36221796352.0
2024-04-05 14:50:35,68520.15625,68658.070313,66572.023438,61613.7,66886.757813,36221796352.0
2024-04-05 14:50:53,68520.15625,68658.070313,66572.023438,61613.6,66886.757813,36221796352.0
2024-04-05 14:51:10,68520.15625,68658.070313,66572.023438,61613.6,66886.757813,36221796352.0
2024-04-05 14:51:25,68520.15625,68658.070313,66572.023438,61613.7,66886.757813,36221796352.0
2024-04-05 14:51:39,68520.15625,68658.070313,66572.023438,61613.6,66886.757813,36221796352.0
2024-04-05 14:51:54,68520.15625,68658.070313,66572.023438,61613.7,66886.757813,36221796352.0
2024-04-05 14:52:15,68520.15625,68658.070313,66572.023438,61631.8,66886.757813,36221796352.0
2024-04-05 14:52:38,68520.15625,68658.070313,66572.023438,61631.8,66886.757813,36221796352.0
2024-04-05 14:52:55,68520.15625,68658.070313,66572.023438,61690.8,66886.757813,36221796352.0
2024-04-05 14:53:16,68520.15625,68658.070313,66572.023438,61690.7,66886.757813,36221796352.0
2024-04-05 14:53:37,68520.15625,68658.070313,66572.023438,61740.4,66886.757813,36221796352.0
2024-04-05 14:53:58,68520.15625,68658.070313,66572.023438,61761.4,66886.757813,36221796352.0
2024-04-05 14:54:20,68520.15625,68658.070313,66572.023438,61762.5,66886.757813,36221796352.0
2024-04-05 14:54:41,68520.15625,68658.070313,66572.023438,61777.2,66886.757813,36221796352.0
2024-04-05 14:55:03,68520.15625,68658.070313,66572.023438,61807.5,66886.757813,36221796352.0
2024-04-05 14:55:25,68520.15625,68658.070313,66572.023438,61842.2,66886.757813,36221796352.0
2024-04-05 14:55:45,68520.15625,68658.070313,66572.023438,61846.1,66886.757813,36221796352.0
2024-04-05 14:56:05,68520.15625,68658.070313,66572.023438,61846.6,66886.757813,36221796352.0
2024-04-05 16:06:17,68520.15625,68658.070313,66572.023438,62487.6,66886.757813,36221796352.0
2024-04-05 16:06:31,68520.15625,68658.070313,66572.023438,62490.0,66886.757813,36221796352.0
2024-04-05 16:06:45,68520.15625,68658.070313,66572.023438,62490.0,66886.757813,36221796352.0
2024-04-05 16:06:59,68520.15625,68658.070313,66572.023438,62529.4,66886.757813,36221796352.0
2024-04-05 16:07:12,68520.15625,68658.070313,66572.023438,62440.1,66886.757813,36221796352.0
2024-04-05 16:07:26,68520.15625,68658.070313,66572.023438,62436.6,66886.757813,36221796352.0
2024-04-05 16:07:39,68520.15625,68658.070313,66572.023438,62410.1,66886.757813,36221796352.0
2024-04-05 16:07:52,68520.15625,68658.070313,66572.023438,62388.4,66886.757813,36221796352.0
2024-04-05 16:08:07,68520.15625,68658.070313,66572.023438,62405.4,66886.757813,36221796352.0
2024-04-05 16:08:22,68520.15625,68658.070313,66572.023438,62405.4,66886.757813,36221796352.0
2024-04-05 16:08:36,68520.15625,68658.070313,66572.023438,62430.0,66886.757813,36221796352.0
2024-04-05 16:08:50,68520.15625,68658.070313,66572.023438,62430.0,66886.757813,36221796352.0
2024-04-05 16:09:03,68520.15625,68658.070313,66572.023438,62420.4,66886.757813,36221796352.0
2024-04-05 16:09:18,68520.15625,68658.070313,66572.023438,62434.8,66886.757813,36221796352.0
2024-04-05 16:09:33,68520.15625,68658.070313,66572.023438,62466.6,66886.757813,36221796352.0
2024-04-05 16:09:48,68520.15625,68658.070313,66572.023438,62538.7,66886.757813,36221796352.0
2024-04-05 16:10:03,68520.15625,68658.070313,66572.023438,62549.9,66886.757813,36221796352.0
2024-04-05 16:10:21,68520.15625,68658.070313,66572.023438,62640.3,66886.757813,36221796352.0
2024-04-05 16:10:39,68520.15625,68658.070313,66572.023438,62650.0,66886.757813,36221796352.0
2024-04-05 16:10:57,68520.15625,68658.070313,66572.023438,62650.0,66886.757813,36221796352.0
2024-04-05 16:28:58,68520.15625,68658.070313,66572.023438,62449.3,66886.757813,36221796352.0
2024-04-05 16:29:17,68520.15625,68658.070313,66572.023438,62479.7,66886.757813,36221796352.0
2024-04-05 16:29:39,68520.15625,68658.070313,66572.023438,62479.7,66886.757813,36221796352.0
2024-04-05 16:30:08,68520.15625,68658.070313,66572.023438,62483.2,66886.757813,36221796352.0
2024-04-05 16:30:37,68520.15625,68658.070313,66572.023438,62479.6,66886.757813,36221796352.0
2024-04-05 16:31:08,68520.15625,68658.070313,66572.023438,62436.5,66886.757813,36221796352.0
2024-04-05 16:31:38,68520.15625,68658.070313,66572.023438,62450.5,66886.757813,36221796352.0
2024-04-05 16:32:06,68520.15625,68658.070313,66572.023438,62502.9,66886.757813,36221796352.0
2024-04-05 16:32:37,68520.15625,68658.070313,66572.023438,62585.9,66886.757813,36221796352.0
2024-04-05 16:33:05,68520.15625,68658.070313,66572.023438,62611.7,66886.757813,36221796352.0
2024-04-05 16:33:35,68520.15625,68658.070313,66572.023438,62624.6,66886.757813,36221796352.0
2024-04-05 16:34:08,68520.15625,68658.070313,66572.023438,62590.0,66886.757813,36221796352.0
2024-04-05 16:34:49,68520.15625,68658.070313,66572.023438,62651.3,66886.757813,36221796352.0
2024-04-05 16:35:23,68520.15625,68658.070313,66572.023438,62647.8,66886.757813,36221796352.0
2024-04-05 16:35:54,68520.15625,68658.070313,66572.023438,62693.9,66886.757813,36221796352.0
2024-04-05 16:36:27,68520.15625,68658.070313,66572.023438,62766.6,66886.757813,36221796352.0
2024-04-05 16:37:05,68520.15625,68658.070313,66572.023438,62727.5,66886.757813,36221796352.0
2024-04-05 16:37:35,68520.15625,68658.070313,66572.023438,62768.4,66886.757813,36221796352.0
2024-04-05 16:38:06,68520.15625,68658.070313,66572.023438,62788.3,66886.757813,36221796352.0
2024-04-05 16:38:35,68520.15625,68658.070313,66572.023438,62788.2,66886.757813,36221796352.0
2024-04-05 16:57:16,68520.15625,68658.070313,66572.023438,63117.8,66886.757813,36221796352.0
2024-04-05 16:57:46,68520.15625,68658.070313,66572.023438,63084.9,66886.757813,36221796352.0
2024-04-05 16:58:16,68520.15625,68658.070313,66572.023438,63120.0,66886.757813,36221796352.0
2024-04-05 16:58:45,68520.15625,68658.070313,66572.023438,63111.8,66886.757813,36221796352.0
2024-04-05 16:59:14,68520.15625,68658.070313,66572.023438,63114.2,66886.757813,36221796352.0
2024-04-05 16:59:46,68520.15625,68658.070313,66572.023438,63043.2,66886.757813,36221796352.0
2024-04-05 17:00:16,68520.15625,68658.070313,66572.023438,63043.2,66886.757813,36221796352.0
2024-04-05 17:00:42,68520.15625,68658.070313,66572.023438,63120.0,66886.757813,36221796352.0
2024-04-05 17:01:14,68520.15625,68658.070313,66572.023438,63107.7,66886.757813,36221796352.0
2024-04-05 17:01:45,68520.15625,68658.070313,66572.023438,62986.1,66886.757813,36221796352.0
2024-04-05 17:02:16,68520.15625,68658.070313,66572.023438,62937.0,66886.757813,36221796352.0
2024-04-05 17:02:51,68520.15625,68658.070313,66572.023438,62908.4,66886.757813,36221796352.0
2024-04-05 17:03:23,68520.15625,68658.070313,66572.023438,62900.1,66886.757813,36221796352.0
2024-04-05 17:03:57,68520.15625,68658.070313,66572.023438,62869.7,66886.757813,36221796352.0
2024-04-05 17:04:32,68520.15625,68658.070313,66572.023438,62816.2,66886.757813,36221796352.0
2024-04-05 17:05:06,68520.15625,68658.070313,66572.023438,62845.3,66886.757813,36221796352.0
2024-04-05 17:05:41,68520.15625,68658.070313,66572.023438,62798.8,66886.757813,36221796352.0
2024-04-05 17:06:13,68520.15625,68658.070313,66572.023438,62869.7,66886.757813,36221796352.0
2024-04-05 17:06:46,68520.15625,68658.070313,66572.023438,62865.8,66886.757813,36221796352.0
2024-04-05 17:07:20,68520.15625,68658.070313,66572.023438,62851.2,66886.757813,36221796352.0
2024-04-05 17:56:19,68520.15625,68658.070313,66572.023438,62843.9,66886.757813,36221796352.0
2024-04-05 17:56:37,68520.15625,68658.070313,66572.023438,62842.8,66886.757813,36221796352.0
2024-04-05 17:56:56,68520.15625,68658.070313,66572.023438,62842.8,66886.757813,36221796352.0
2024-04-05 17:57:16,68520.15625,68658.070313,66572.023438,62842.7,66886.757813,36221796352.0
2024-04-05 17:57:34,68520.15625,68658.070313,66572.023438,62838.3,66886.757813,36221796352.0
2024-04-05 17:57:53,68520.15625,68658.070313,66572.023438,62846.7,66886.757813,36221796352.0
2024-04-05 17:58:11,68520.15625,68658.070313,66572.023438,62822.7,66886.757813,36221796352.0
2024-04-05 17:58:29,68520.15625,68658.070313,66572.023438,62838.6,66886.757813,36221796352.0
2024-04-05 17:58:48,68520.15625,68658.070313,66572.023438,62838.6,66886.757813,36221796352.0
2024-04-05 17:59:06,68520.15625,68658.070313,66572.023438,62847.2,66886.757813,36221796352.0
2024-04-05 17:59:24,68520.15625,68658.070313,66572.023438,62847.2,66886.757813,36221796352.0
2024-04-05 17:59:43,68520.15625,68658.070313,66572.023438,62990.4,66886.757813,36221796352.0
2024-04-05 18:00:01,68520.15625,68658.070313,66572.023438,62990.5,66886.757813,36221796352.0
2024-04-05 18:00:22,68520.15625,68658.070313,66572.023438,63000.0,66886.757813,36221796352.0
2024-04-05 18:00:44,68520.15625,68658.070313,66572.023438,62947.9,66886.757813,36221796352.0
2024-04-05 18:01:03,68520.15625,68658.070313,66572.023438,62962.2,66886.757813,36221796352.0
2024-04-05 18:01:23,68520.15625,68658.070313,66572.023438,62953.2,66886.757813,36221796352.0
2024-04-05 18:01:41,68520.15625,68658.070313,66572.023438,62947.9,66886.757813,36221796352.0
2024-04-05 18:02:04,68520.15625,68658.070313,66572.023438,62965.2,66886.757813,36221796352.0
2024-04-05 18:02:30,68520.15625,68658.070313,66572.023438,63012.7,66886.757813,36221796352.0
2024-04-06 08:47:55,68520.15625,68658.070313,66572.023438,62907.6,66886.757813,36221796352.0
2024-04-06 08:48:16,68520.15625,68658.070313,66572.023438,62919.0,66886.757813,36221796352.0
2024-04-06 08:48:37,68520.15625,68658.070313,66572.023438,62919.1,66886.757813,36221796352.0
2024-04-06 08:49:04,68520.15625,68658.070313,66572.023438,62931.4,66886.757813,36221796352.0
2024-04-06 08:49:25,68520.15625,68658.070313,66572.023438,62945.4,66886.757813,36221796352.0
2024-04-06 08:49:48,68520.15625,68658.070313,66572.023438,62948.4,66886.757813,36221796352.0
2024-04-06 08:50:08,68520.15625,68658.070313,66572.023438,62949.6,66886.757813,36221796352.0
2024-04-06 08:50:27,68520.15625,68658.070313,66572.023438,62953.4,66886.757813,36221796352.0
2024-04-06 08:50:49,68520.15625,68658.070313,66572.023438,62950.6,66886.757813,36221796352.0
2024-04-06 08:51:11,68520.15625,68658.070313,66572.023438,62955.7,66886.757813,36221796352.0
2024-04-06 08:51:34,68520.15625,68658.070313,66572.023438,62905.5,66886.757813,36221796352.0
2024-04-06 08:52:01,68520.15625,68658.070313,66572.023438,62899.1,66886.757813,36221796352.0
2024-04-06 08:52:26,68520.15625,68658.070313,66572.023438,62889.7,66886.757813,36221796352.0
2024-04-06 08:52:54,68520.15625,68658.070313,66572.023438,62863.7,66886.757813,36221796352.0
2024-04-06 08:53:20,68520.15625,68658.070313,66572.023438,62876.9,66886.757813,36221796352.0
2024-04-06 08:53:43,68520.15625,68658.070313,66572.023438,62888.7,66886.757813,36221796352.0
2024-04-06 08:54:08,68520.15625,68658.070313,66572.023438,62885.8,66886.757813,36221796352.0
2024-04-06 08:54:32,68520.15625,68658.070313,66572.023438,62889.1,66886.757813,36221796352.0
2024-04-06 08:54:53,68520.15625,68658.070313,66572.023438,62898.1,66886.757813,36221796352.0
2024-04-06 08:55:19,68520.15625,68658.070313,66572.023438,62898.1,66886.757813,36221796352.0
2024-04-06 08:55:43,68520.15625,68658.070313,66572.023438,62881.0,66886.757813,36221796352.0
2024-04-06 08:56:04,68520.15625,68658.070313,66572.023438,62896.5,66886.757813,36221796352.0
2024-04-06 08:56:27,68520.15625,68658.070313,66572.023438,62908.1,66886.757813,36221796352.0
2024-04-06 08:56:52,68520.15625,68658.070313,66572.023438,62907.7,66886.757813,36221796352.0
2024-04-06 08:57:19,68520.15625,68658.070313,66572.023438,62905.5,66886.757813,36221796352.0
2024-04-06 08:57:46,68520.15625,68658.070313,66572.023438,62905.4,66886.757813,36221796352.0
2024-04-06 08:58:16,68520.15625,68658.070313,66572.023438,62912.6,66886.757813,36221796352.0
2024-04-06 08:58:43,68520.15625,68658.070313,66572.023438,62908.3,66886.757813,36221796352.0
2024-04-06 08:59:06,68520.15625,68658.070313,66572.023438,62908.3,66886.757813,36221796352.0
2024-04-06 08:59:31,68520.15625,68658.070313,66572.023438,62905.6,66886.757813,36221796352.0
2024-04-06 08:59:58,68520.15625,68658.070313,66572.023438,62910.2,66886.757813,36221796352.0
2024-04-06 09:00:22,68520.15625,68658.070313,66572.023438,62912.7,66886.757813,36221796352.0
2024-04-06 09:00:48,68520.15625,68658.070313,66572.023438,62889.6,66886.757813,36221796352.0
2024-04-06 09:01:12,68520.15625,68658.070313,66572.023438,62900.4,66886.757813,36221796352.0
2024-04-06 09:01:36,68520.15625,68658.070313,66572.023438,62889.6,66886.757813,36221796352.0
2024-04-06 09:02:06,68520.15625,68658.070313,66572.023438,62889.6,66886.757813,36221796352.0
2024-04-06 09:02:32,68520.15625,68658.070313,66572.023438,62875.7,66886.757813,36221796352.0
2024-04-06 09:02:56,68520.15625,68658.070313,66572.023438,62875.7,66886.757813,36221796352.0
2024-04-06 09:03:23,68520.15625,68658.070313,66572.023438,62900.0,66886.757813,36221796352.0
2024-04-06 09:03:51,68520.15625,68658.070313,66572.023438,62899.3,66886.757813,36221796352.0
2024-04-06 09:04:18,68520.15625,68658.070313,66572.023438,62894.0,66886.757813,36221796352.0
2024-04-06 09:04:42,68520.15625,68658.070313,66572.023438,62910.1,66886.757813,36221796352.0
2024-04-06 09:05:08,68520.15625,68658.070313,66572.023438,62910.1,66886.757813,36221796352.0
2024-04-06 09:05:33,68520.15625,68658.070313,66572.023438,62910.0,66886.757813,36221796352.0
2024-04-06 09:05:59,68520.15625,68658.070313,66572.023438,62910.1,66886.757813,36221796352.0
2024-04-06 09:06:26,68520.15625,68658.070313,66572.023438,62910.1,66886.757813,36221796352.0
2024-04-06 09:06:54,68520.15625,68658.070313,66572.023438,62897.3,66886.757813,36221796352.0
2024-04-06 09:07:23,68520.15625,68658.070313,66572.023438,62897.3,66886.757813,36221796352.0
2024-04-06 09:07:48,68520.15625,68658.070313,66572.023438,62897.3,66886.757813,36221796352.0
2024-04-06 09:08:13,68520.15625,68658.070313,66572.023438,62897.3,66886.757813,36221796352.0
2024-04-06 09:08:37,68520.15625,68658.070313,66572.023438,62897.3,66886.757813,36221796352.0
2024-04-06 09:09:03,68520.15625,68658.070313,66572.023438,62897.2,66886.757813,36221796352.0
2024-04-06 09:09:29,68520.15625,68658.070313,66572.023438,62866.8,66886.757813,36221796352.0
2024-04-06 09:09:57,68520.15625,68658.070313,66572.023438,62866.8,66886.757813,36221796352.0
2024-04-06 09:10:22,68520.15625,68658.070313,66572.023438,62866.8,66886.757813,36221796352.0
2024-04-06 09:10:49,68520.15625,68658.070313,66572.023438,62866.8,66886.757813,36221796352.0
2024-04-06 09:11:15,68520.15625,68658.070313,66572.023438,62817.3,66886.757813,36221796352.0
2024-04-06 09:11:38,68520.15625,68658.070313,66572.023438,62817.3,66886.757813,36221796352.0
2024-04-06 09:12:05,68520.15625,68658.070313,66572.023438,62817.3,66886.757813,36221796352.0
2024-04-06 09:12:32,68520.15625,68658.070313,66572.023438,62817.3,66886.757813,36221796352.0
2024-04-06 09:12:55,68520.15625,68658.070313,66572.023438,62863.6,66886.757813,36221796352.0
2024-04-06 09:13:15,68520.15625,68658.070313,66572.023438,62861.7,66886.757813,36221796352.0
2024-04-06 09:13:41,68520.15625,68658.070313,66572.023438,62863.3,66886.757813,36221796352.0
2024-04-06 09:14:12,68520.15625,68658.070313,66572.023438,62858.0,66886.757813,36221796352.0
2024-04-06 09:14:46,68520.15625,68658.070313,66572.023438,62846.8,66886.757813,36221796352.0
2024-04-06 09:15:21,68520.15625,68658.070313,66572.023438,62865.8,66886.757813,36221796352.0
2024-04-06 09:16:01,68520.15625,68658.070313,66572.023438,62857.1,66886.757813,36221796352.0
2024-04-06 09:16:41,68520.15625,68658.070313,66572.023438,62869.9,66886.757813,36221796352.0
2024-04-06 09:17:21,68520.15625,68658.070313,66572.023438,62854.0,66886.757813,36221796352.0
2024-04-06 09:18:00,68520.15625,68658.070313,66572.023438,62840.2,66886.757813,36221796352.0
2024-04-06 09:18:40,68520.15625,68658.070313,66572.023438,62842.4,66886.757813,36221796352.0
2024-04-06 09:19:19,68520.15625,68658.070313,66572.023438,62860.8,66886.757813,36221796352.0
2024-04-06 09:19:57,68520.15625,68658.070313,66572.023438,62860.6,66886.757813,36221796352.0
2024-04-06 09:20:38,68520.15625,68658.070313,66572.023438,62841.6,66886.757813,36221796352.0
2024-04-06 09:21:17,68520.15625,68658.070313,66572.023438,62826.3,66886.757813,36221796352.0
2024-04-06 09:21:59,68520.15625,68658.070313,66572.023438,62830.9,66886.757813,36221796352.0
2024-04-06 09:22:39,68520.15625,68658.070313,66572.023438,62834.6,66886.757813,36221796352.0
2024-04-06 09:23:18,68520.15625,68658.070313,66572.023438,62799.8,66886.757813,36221796352.0
2024-04-06 09:23:58,68520.15625,68658.070313,66572.023438,62799.9,66886.757813,36221796352.0
2024-04-06 09:24:41,68520.15625,68658.070313,66572.023438,62789.2,66886.757813,36221796352.0
2024-04-06 09:25:23,68520.15625,68658.070313,66572.023438,62777.7,66886.757813,36221796352.0
2024-04-06 09:26:06,68520.15625,68658.070313,66572.023438,62788.4,66886.757813,36221796352.0
2024-04-06 09:26:52,68520.15625,68658.070313,66572.023438,62799.9,66886.757813,36221796352.0
2024-04-06 09:27:32,68520.15625,68658.070313,66572.023438,62788.3,66886.757813,36221796352.0
2024-04-06 09:28:16,68520.15625,68658.070313,66572.023438,62799.6,66886.757813,36221796352.0
2024-04-06 09:28:58,68520.15625,68658.070313,66572.023438,62799.6,66886.757813,36221796352.0
2024-04-06 09:29:37,68520.15625,68658.070313,66572.023438,62799.6,66886.757813,36221796352.0
2024-04-06 09:30:19,68520.15625,68658.070313,66572.023438,62788.4,66886.757813,36221796352.0
2024-04-06 09:30:59,68520.15625,68658.070313,66572.023438,62755.2,66886.757813,36221796352.0
2024-04-06 09:31:42,68520.15625,68658.070313,66572.023438,62767.7,66886.757813,36221796352.0
2024-04-06 09:32:20,68520.15625,68658.070313,66572.023438,62769.3,66886.757813,36221796352.0
2024-04-06 09:33:02,68520.15625,68658.070313,66572.023438,62765.4,66886.757813,36221796352.0
2024-04-06 09:33:44,68520.15625,68658.070313,66572.023438,62797.1,66886.757813,36221796352.0
2024-04-06 09:34:25,68520.15625,68658.070313,66572.023438,62794.2,66886.757813,36221796352.0
2024-04-06 09:35:04,68520.15625,68658.070313,66572.023438,62793.8,66886.757813,36221796352.0
2024-04-06 09:35:45,68520.15625,68658.070313,66572.023438,62799.9,66886.757813,36221796352.0
2024-04-06 09:36:25,68520.15625,68658.070313,66572.023438,62799.8,66886.757813,36221796352.0
2024-04-06 09:37:03,68520.15625,68658.070313,66572.023438,62799.8,66886.757813,36221796352.0
2024-04-06 09:37:42,68520.15625,68658.070313,66572.023438,62799.8,66886.757813,36221796352.0
2024-04-06 09:38:23,68520.15625,68658.070313,66572.023438,62799.9,66886.757813,36221796352.0
2024-04-06 09:38:56,68520.15625,68658.070313,66572.023438,62799.9,66886.757813,36221796352.0
2024-04-06 09:39:33,68520.15625,68658.070313,66572.023438,62799.8,66886.757813,36221796352.0
2024-04-06 09:40:20,68520.15625,68658.070313,66572.023438,62778.3,66886.757813,36221796352.0
2024-04-06 09:41:03,68520.15625,68658.070313,66572.023438,62766.3,66886.757813,36221796352.0
2024-04-06 09:41:46,68520.15625,68658.070313,66572.023438,62788.6,66886.757813,36221796352.0
2024-04-06 09:42:29,68520.15625,68658.070313,66572.023438,62788.1,66886.757813,36221796352.0
2024-04-06 09:43:12,68520.15625,68658.070313,66572.023438,62797.6,66886.757813,36221796352.0
2024-04-06 09:43:54,68520.15625,68658.070313,66572.023438,62816.9,66886.757813,36221796352.0
2024-04-06 09:44:33,68520.15625,68658.070313,66572.023438,62801.4,66886.757813,36221796352.0
2024-04-06 09:45:15,68520.15625,68658.070313,66572.023438,62801.5,66886.757813,36221796352.0
2024-04-06 09:45:56,68520.15625,68658.070313,66572.023438,62806.0,66886.757813,36221796352.0
2024-04-06 09:46:37,68520.15625,68658.070313,66572.023438,62806.0,66886.757813,36221796352.0
2024-04-06 09:47:20,68520.15625,68658.070313,66572.023438,62764.0,66886.757813,36221796352.0
2024-04-06 09:48:07,68520.15625,68658.070313,66572.023438,62787.1,66886.757813,36221796352.0
2024-04-06 09:48:48,68520.15625,68658.070313,66572.023438,62841.7,66886.757813,36221796352.0
2024-04-06 09:49:31,68520.15625,68658.070313,66572.023438,62847.4,66886.757813,36221796352.0
2024-04-06 09:50:17,68520.15625,68658.070313,66572.023438,62860.3,66886.757813,36221796352.0
2024-04-06 09:50:56,68520.15625,68658.070313,66572.023438,62870.0,66886.757813,36221796352.0
2024-04-06 09:51:43,68520.15625,68658.070313,66572.023438,62888.0,66886.757813,36221796352.0
2024-04-06 09:52:26,68520.15625,68658.070313,66572.023438,62926.0,66886.757813,36221796352.0
2024-04-06 09:53:10,68520.15625,68658.070313,66572.023438,62943.4,66886.757813,36221796352.0
2024-04-06 09:53:56,68520.15625,68658.070313,66572.023438,62913.3,66886.757813,36221796352.0
2024-04-06 09:54:40,68520.15625,68658.070313,66572.023438,62913.3,66886.757813,36221796352.0
2024-04-06 09:55:18,68520.15625,68658.070313,66572.023438,62913.3,66886.757813,36221796352.0
2024-04-06 09:56:00,68520.15625,68658.070313,66572.023438,62913.2,66886.757813,36221796352.0
2024-04-06 09:56:44,68520.15625,68658.070313,66572.023438,62900.0,66886.757813,36221796352.0
2024-04-06 09:57:29,68520.15625,68658.070313,66572.023438,62900.0,66886.757813,36221796352.0
2024-04-06 09:58:12,68520.15625,68658.070313,66572.023438,62847.3,66886.757813,36221796352.0
2024-04-06 09:58:57,68520.15625,68658.070313,66572.023438,62832.0,66886.757813,36221796352.0
2024-04-06 09:59:44,68520.15625,68658.070313,66572.023438,62832.1,66886.757813,36221796352.0
2024-04-06 10:00:29,68520.15625,68658.070313,66572.023438,62817.9,66886.757813,36221796352.0
2024-04-06 10:01:14,68520.15625,68658.070313,66572.023438,62817.9,66886.757813,36221796352.0
2024-04-06 10:02:00,68520.15625,68658.070313,66572.023438,62817.9,66886.757813,36221796352.0
2024-04-06 10:02:43,68520.15625,68658.070313,66572.023438,62817.8,66886.757813,36221796352.0
2024-04-06 10:03:29,68520.15625,68658.070313,66572.023438,62817.9,66886.757813,36221796352.0
2024-04-06 10:04:14,68520.15625,68658.070313,66572.023438,62817.9,66886.757813,36221796352.0
2024-04-06 10:05:00,68520.15625,68658.070313,66572.023438,62817.9,66886.757813,36221796352.0
2024-04-06 10:05:48,68520.15625,68658.070313,66572.023438,62817.9,66886.757813,36221796352.0
2024-04-06 10:06:33,68520.15625,68658.070313,66572.023438,62817.9,66886.757813,36221796352.0
2024-04-06 10:07:17,68520.15625,68658.070313,66572.023438,62791.8,66886.757813,36221796352.0
2024-04-06 10:07:57,68520.15625,68658.070313,66572.023438,62777.7,66886.757813,36221796352.0
2024-04-06 10:08:39,68520.15625,68658.070313,66572.023438,62777.7,66886.757813,36221796352.0
2024-04-06 10:09:29,68520.15625,68658.070313,66572.023438,62777.7,66886.757813,36221796352.0
2024-04-06 10:10:16,68520.15625,68658.070313,66572.023438,62777.7,66886.757813,36221796352.0
2024-04-06 10:11:04,68520.15625,68658.070313,66572.023438,62777.7,66886.757813,36221796352.0
2024-04-06 10:11:57,68520.15625,68658.070313,66572.023438,62874.8,66886.757813,36221796352.0
2024-04-06 10:12:43,68520.15625,68658.070313,66572.023438,62888.2,66886.757813,36221796352.0
2024-04-06 10:13:27,68520.15625,68658.070313,66572.023438,62890.8,66886.757813,36221796352.0
2024-04-06 10:14:17,68520.15625,68658.070313,66572.023438,62896.9,66886.757813,36221796352.0
2024-04-06 10:15:04,68520.15625,68658.070313,66572.023438,62820.8,66886.757813,36221796352.0
2024-04-06 10:15:46,68520.15625,68658.070313,66572.023438,62797.9,66886.757813,36221796352.0
2024-04-06 10:16:31,68520.15625,68658.070313,66572.023438,62795.9,66886.757813,36221796352.0
2024-04-06 10:17:29,68520.15625,68658.070313,66572.023438,62767.4,66886.757813,36221796352.0
2024-04-06 10:18:13,68520.15625,68658.070313,66572.023438,62749.6,66886.757813,36221796352.0
2024-04-06 10:18:58,68520.15625,68658.070313,66572.023438,62707.6,66886.757813,36221796352.0
2024-04-06 10:19:46,68520.15625,68658.070313,66572.023438,62723.0,66886.757813,36221796352.0
2024-04-06 10:20:32,68520.15625,68658.070313,66572.023438,62715.9,66886.757813,36221796352.0
2024-04-06 10:21:19,68520.15625,68658.070313,66572.023438,62724.5,66886.757813,36221796352.0
2024-04-06 10:21:55,68520.15625,68658.070313,66572.023438,62746.4,66886.757813,36221796352.0
2024-04-06 10:22:22,68520.15625,68658.070313,66572.023438,62739.3,66886.757813,36221796352.0
2024-04-06 10:22:50,68520.15625,68658.070313,66572.023438,62758.4,66886.757813,36221796352.0
2024-04-06 10:23:14,68520.15625,68658.070313,66572.023438,62716.2,66886.757813,36221796352.0
2024-04-06 10:23:38,68520.15625,68658.070313,66572.023438,62703.7,66886.757813,36221796352.0
2024-04-06 10:24:02,68520.15625,68658.070313,66572.023438,62703.7,66886.757813,36221796352.0
2024-04-06 10:24:30,68520.15625,68658.070313,66572.023438,62708.9,66886.757813,36221796352.0
2024-04-06 10:25:02,68520.15625,68658.070313,66572.023438,62708.8,66886.757813,36221796352.0
2024-04-06 10:25:26,68520.15625,68658.070313,66572.023438,62713.7,66886.757813,36221796352.0
2024-04-06 10:25:53,68520.15625,68658.070313,66572.023438,62728.3,66886.757813,36221796352.0
2024-04-06 10:26:19,68520.15625,68658.070313,66572.023438,62739.6,66886.757813,36221796352.0
2024-04-06 10:26:45,68520.15625,68658.070313,66572.023438,62750.9,66886.757813,36221796352.0
2024-04-06 10:27:17,68520.15625,68658.070313,66572.023438,62745.3,66886.757813,36221796352.0
2024-04-06 10:27:43,68520.15625,68658.070313,66572.023438,62758.6,66886.757813,36221796352.0
2024-04-06 10:28:14,68520.15625,68658.070313,66572.023438,62762.6,66886.757813,36221796352.0
2024-04-06 10:28:43,68520.15625,68658.070313,66572.023438,62762.6,66886.757813,36221796352.0
2024-04-06 10:29:08,68520.15625,68658.070313,66572.023438,62763.6,66886.757813,36221796352.0
2024-04-06 10:29:44,68520.15625,68658.070313,66572.023438,62764.3,66886.757813,36221796352.0
2024-04-06 10:30:16,68520.15625,68658.070313,66572.023438,62745.2,66886.757813,36221796352.0
2024-04-06 10:30:49,68520.15625,68658.070313,66572.023438,62745.2,66886.757813,36221796352.0
2024-04-06 10:31:16,68520.15625,68658.070313,66572.023438,62745.2,66886.757813,36221796352.0
2024-04-06 10:31:44,68520.15625,68658.070313,66572.023438,62745.1,66886.757813,36221796352.0
2024-04-06 10:32:11,68520.15625,68658.070313,66572.023438,62726.3,66886.757813,36221796352.0
2024-04-06 10:32:40,68520.15625,68658.070313,66572.023438,62736.6,66886.757813,36221796352.0
2024-04-06 10:33:09,68520.15625,68658.070313,66572.023438,62729.1,66886.757813,36221796352.0
2024-04-06 10:34:16,68520.15625,68658.070313,66572.023438,62749.0,66886.757813,36221796352.0
2024-04-06 10:34:44,68520.15625,68658.070313,66572.023438,62737.4,66886.757813,36221796352.0
2024-04-06 10:35:14,68520.15625,68658.070313,66572.023438,62729.1,66886.757813,36221796352.0
2024-04-06 10:35:45,68520.15625,68658.070313,66572.023438,62746.2,66886.757813,36221796352.0
2024-04-06 10:36:15,68520.15625,68658.070313,66572.023438,62761.9,66886.757813,36221796352.0
2024-04-06 10:36:47,68520.15625,68658.070313,66572.023438,62764.3,66886.757813,36221796352.0
2024-04-06 10:37:15,68520.15625,68658.070313,66572.023438,62764.5,66886.757813,36221796352.0
2024-04-06 10:37:43,68520.15625,68658.070313,66572.023438,62764.5,66886.757813,36221796352.0
2024-04-06 10:38:10,68520.15625,68658.070313,66572.023438,62748.5,66886.757813,36221796352.0
2024-04-06 10:38:36,68520.15625,68658.070313,66572.023438,62764.5,66886.757813,36221796352.0
2024-04-06 10:39:02,68520.15625,68658.070313,66572.023438,62764.5,66886.757813,36221796352.0
2024-04-06 10:39:35,68520.15625,68658.070313,66572.023438,62764.5,66886.757813,36221796352.0
2024-04-06 10:40:04,68520.15625,68658.070313,66572.023438,62764.5,66886.757813,36221796352.0
2024-04-06 10:40:32,68520.15625,68658.070313,66572.023438,62764.4,66886.757813,36221796352.0
2024-04-06 10:40:59,68520.15625,68658.070313,66572.023438,62764.5,66886.757813,36221796352.0
2024-04-06 10:41:27,68520.15625,68658.070313,66572.023438,62764.5,66886.757813,36221796352.0
2024-04-06 10:41:54,68520.15625,68658.070313,66572.023438,62753.1,66886.757813,36221796352.0
2024-04-06 10:42:19,68520.15625,68658.070313,66572.023438,62753.1,66886.757813,36221796352.0
2024-04-06 10:42:44,68520.15625,68658.070313,66572.023438,62751.2,66886.757813,36221796352.0
2024-04-06 10:43:10,68520.15625,68658.070313,66572.023438,62751.2,66886.757813,36221796352.0
2024-04-06 10:43:37,68520.15625,68658.070313,66572.023438,62750.1,66886.757813,36221796352.0
2024-04-06 10:44:05,68520.15625,68658.070313,66572.023438,62751.2,66886.757813,36221796352.0
2024-04-06 10:44:34,68520.15625,68658.070313,66572.023438,62764.5,66886.757813,36221796352.0
2024-04-06 10:45:01,68520.15625,68658.070313,66572.023438,62764.5,66886.757813,36221796352.0
2024-04-06 10:45:28,68520.15625,68658.070313,66572.023438,62764.5,66886.757813,36221796352.0
2024-04-06 10:45:58,68520.15625,68658.070313,66572.023438,62764.5,66886.757813,36221796352.0
2024-04-06 10:46:30,68520.15625,68658.070313,66572.023438,62764.5,66886.757813,36221796352.0
2024-04-06 10:46:59,68520.15625,68658.070313,66572.023438,62764.5,66886.757813,36221796352.0
2024-04-06 10:47:30,68520.15625,68658.070313,66572.023438,62764.5,66886.757813,36221796352.0
2024-04-06 10:47:55,68520.15625,68658.070313,66572.023438,62764.4,66886.757813,36221796352.0
2024-04-06 10:48:22,68520.15625,68658.070313,66572.023438,62764.5,66886.757813,36221796352.0
2024-04-06 10:48:47,68520.15625,68658.070313,66572.023438,62764.5,66886.757813,36221796352.0
2024-04-06 10:49:18,68520.15625,68658.070313,66572.023438,62764.5,66886.757813,36221796352.0
2024-04-06 10:49:49,68520.15625,68658.070313,66572.023438,62764.5,66886.757813,36221796352.0
2024-04-06 10:50:15,68520.15625,68658.070313,66572.023438,62764.5,66886.757813,36221796352.0
2024-04-06 10:50:46,68520.15625,68658.070313,66572.023438,62764.4,66886.757813,36221796352.0
2024-04-06 10:51:12,68520.15625,68658.070313,66572.023438,62764.4,66886.757813,36221796352.0
2024-04-06 10:51:34,68520.15625,68658.070313,66572.023438,62764.5,66886.757813,36221796352.0
2024-04-06 10:52:01,68520.15625,68658.070313,66572.023438,62764.5,66886.757813,36221796352.0
2024-04-06 10:52:31,68520.15625,68658.070313,66572.023438,62764.5,66886.757813,36221796352.0
2024-04-06 10:53:00,68520.15625,68658.070313,66572.023438,62823.3,66886.757813,36221796352.0
2024-04-06 10:53:27,68520.15625,68658.070313,66572.023438,62823.3,66886.757813,36221796352.0
2024-04-06 10:53:54,68520.15625,68658.070313,66572.023438,62823.4,66886.757813,36221796352.0
2024-04-06 10:54:22,68520.15625,68658.070313,66572.023438,62823.4,66886.757813,36221796352.0
2024-04-06 10:54:48,68520.15625,68658.070313,66572.023438,62823.4,66886.757813,36221796352.0
2024-04-06 10:55:15,68520.15625,68658.070313,66572.023438,62858.3,66886.757813,36221796352.0
2024-04-06 10:55:44,68520.15625,68658.070313,66572.023438,62875.1,66886.757813,36221796352.0
2024-04-06 10:56:11,68520.15625,68658.070313,66572.023438,62879.4,66886.757813,36221796352.0
2024-04-06 10:56:39,68520.15625,68658.070313,66572.023438,62869.2,66886.757813,36221796352.0
2024-04-06 10:57:09,68520.15625,68658.070313,66572.023438,62868.6,66886.757813,36221796352.0
2024-04-06 10:57:37,68520.15625,68658.070313,66572.023438,62857.6,66886.757813,36221796352.0
2024-04-06 10:58:04,68520.15625,68658.070313,66572.023438,62860.1,66886.757813,36221796352.0
2024-04-06 10:58:32,68520.15625,68658.070313,66572.023438,62855.4,66886.757813,36221796352.0
2024-04-06 10:59:00,68520.15625,68658.070313,66572.023438,62867.8,66886.757813,36221796352.0
2024-04-06 10:59:31,68520.15625,68658.070313,66572.023438,62835.9,66886.757813,36221796352.0
2024-04-06 10:59:58,68520.15625,68658.070313,66572.023438,62828.5,66886.757813,36221796352.0
2024-04-06 11:00:28,68520.15625,68658.070313,66572.023438,62828.3,66886.757813,36221796352.0
2024-04-06 11:00:58,68520.15625,68658.070313,66572.023438,62825.5,66886.757813,36221796352.0
2024-04-06 11:01:26,68520.15625,68658.070313,66572.023438,62806.6,66886.757813,36221796352.0
2024-04-06 11:01:54,68520.15625,68658.070313,66572.023438,62806.6,66886.757813,36221796352.0
2024-04-06 11:02:23,68520.15625,68658.070313,66572.023438,62807.5,66886.757813,36221796352.0
2024-04-06 11:02:50,68520.15625,68658.070313,66572.023438,62828.7,66886.757813,36221796352.0
2024-04-06 11:03:20,68520.15625,68658.070313,66572.023438,62848.7,66886.757813,36221796352.0
2024-04-06 11:03:49,68520.15625,68658.070313,66572.023438,62838.8,66886.757813,36221796352.0
2024-04-06 11:04:20,68520.15625,68658.070313,66572.023438,62837.8,66886.757813,36221796352.0
2024-04-06 11:04:50,68520.15625,68658.070313,66572.023438,62851.4,66886.757813,36221796352.0
2024-04-06 11:05:19,68520.15625,68658.070313,66572.023438,62850.1,66886.757813,36221796352.0
2024-04-06 11:05:53,68520.15625,68658.070313,66572.023438,62851.8,66886.757813,36221796352.0
2024-04-06 11:06:20,68520.15625,68658.070313,66572.023438,62846.5,66886.757813,36221796352.0
2024-04-06 11:06:48,68520.15625,68658.070313,66572.023438,62836.8,66886.757813,36221796352.0
2024-04-06 11:07:16,68520.15625,68658.070313,66572.023438,62836.8,66886.757813,36221796352.0
2024-04-06 11:07:47,68520.15625,68658.070313,66572.023438,62807.1,66886.757813,36221796352.0
2024-04-06 11:08:16,68520.15625,68658.070313,66572.023438,62807.1,66886.757813,36221796352.0
2024-04-06 11:08:48,68520.15625,68658.070313,66572.023438,62807.2,66886.757813,36221796352.0
2024-04-06 11:09:17,68520.15625,68658.070313,66572.023438,62843.8,66886.757813,36221796352.0
2024-04-06 11:09:50,68520.15625,68658.070313,66572.023438,62871.8,66886.757813,36221796352.0
2024-04-06 11:10:21,68520.15625,68658.070313,66572.023438,62906.6,66886.757813,36221796352.0
2024-04-06 11:10:45,68520.15625,68658.070313,66572.023438,62891.6,66886.757813,36221796352.0
2024-04-06 11:11:13,68520.15625,68658.070313,66572.023438,62891.7,66886.757813,36221796352.0
2024-04-06 11:11:44,68520.15625,68658.070313,66572.023438,62891.7,66886.757813,36221796352.0
2024-04-06 11:12:15,68520.15625,68658.070313,66572.023438,62893.1,66886.757813,36221796352.0
2024-04-06 11:12:45,68520.15625,68658.070313,66572.023438,62891.7,66886.757813,36221796352.0
2024-04-06 11:13:15,68520.15625,68658.070313,66572.023438,62891.6,66886.757813,36221796352.0
2024-04-06 11:13:46,68520.15625,68658.070313,66572.023438,62923.4,66886.757813,36221796352.0
2024-04-06 11:14:17,68520.15625,68658.070313,66572.023438,62925.8,66886.757813,36221796352.0
2024-04-06 11:14:48,68520.15625,68658.070313,66572.023438,62892.0,66886.757813,36221796352.0
2024-04-06 11:15:22,68520.15625,68658.070313,66572.023438,62891.9,66886.757813,36221796352.0
2024-04-06 11:15:56,68520.15625,68658.070313,66572.023438,62892.0,66886.757813,36221796352.0
2024-04-06 11:16:27,68520.15625,68658.070313,66572.023438,62891.6,66886.757813,36221796352.0
2024-04-06 11:16:57,68520.15625,68658.070313,66572.023438,62891.7,66886.757813,36221796352.0
2024-04-06 11:17:32,68520.15625,68658.070313,66572.023438,62891.7,66886.757813,36221796352.0
2024-04-06 11:18:06,68520.15625,68658.070313,66572.023438,62891.7,66886.757813,36221796352.0
2024-04-06 11:18:35,68520.15625,68658.070313,66572.023438,62891.7,66886.757813,36221796352.0
2024-04-06 11:19:06,68520.15625,68658.070313,66572.023438,62888.0,66886.757813,36221796352.0
2024-04-06 11:19:38,68520.15625,68658.070313,66572.023438,62888.1,66886.757813,36221796352.0
2024-04-06 11:20:09,68520.15625,68658.070313,66572.023438,62888.1,66886.757813,36221796352.0
2024-04-06 11:20:44,68520.15625,68658.070313,66572.023438,62888.1,66886.757813,36221796352.0
2024-04-06 11:21:19,68520.15625,68658.070313,66572.023438,62888.1,66886.757813,36221796352.0
2024-04-06 11:21:51,68520.15625,68658.070313,66572.023438,62888.0,66886.757813,36221796352.0
2024-04-06 11:22:25,68520.15625,68658.070313,66572.023438,62844.2,66886.757813,36221796352.0
2024-04-06 11:23:00,68520.15625,68658.070313,66572.023438,62844.0,66886.757813,36221796352.0
2024-04-06 11:23:34,68520.15625,68658.070313,66572.023438,62827.1,66886.757813,36221796352.0
2024-04-06 11:24:07,68520.15625,68658.070313,66572.023438,62818.1,66886.757813,36221796352.0
2024-04-06 11:24:39,68520.15625,68658.070313,66572.023438,62818.1,66886.757813,36221796352.0
2024-04-06 11:25:09,68520.15625,68658.070313,66572.023438,62818.0,66886.757813,36221796352.0
2024-04-06 11:25:40,68520.15625,68658.070313,66572.023438,62829.3,66886.757813,36221796352.0
2024-04-06 11:26:11,68520.15625,68658.070313,66572.023438,62829.3,66886.757813,36221796352.0
2024-04-06 11:26:43,68520.15625,68658.070313,66572.023438,62818.0,66886.757813,36221796352.0
2024-04-06 11:27:15,68520.15625,68658.070313,66572.023438,62818.0,66886.757813,36221796352.0
2024-04-06 11:27:45,68520.15625,68658.070313,66572.023438,62808.4,66886.757813,36221796352.0
2024-04-06 11:28:17,68520.15625,68658.070313,66572.023438,62806.4,66886.757813,36221796352.0
2024-04-06 11:28:47,68520.15625,68658.070313,66572.023438,62804.1,66886.757813,36221796352.0
2024-04-06 11:29:16,68520.15625,68658.070313,66572.023438,62793.8,66886.757813,36221796352.0
2024-04-06 11:29:50,68520.15625,68658.070313,66572.023438,62784.3,66886.757813,36221796352.0
2024-04-06 11:30:21,68520.15625,68658.070313,66572.023438,62794.9,66886.757813,36221796352.0
2024-04-06 11:30:50,68520.15625,68658.070313,66572.023438,62786.3,66886.757813,36221796352.0
2024-04-06 11:31:23,68520.15625,68658.070313,66572.023438,62784.3,66886.757813,36221796352.0
2024-04-06 11:31:51,68520.15625,68658.070313,66572.023438,62764.4,66886.757813,36221796352.0
2024-04-06 11:32:17,68520.15625,68658.070313,66572.023438,62740.1,66886.757813,36221796352.0
2024-04-06 11:32:47,68520.15625,68658.070313,66572.023438,62730.1,66886.757813,36221796352.0
2024-04-06 11:33:20,68520.15625,68658.070313,66572.023438,62730.0,66886.757813,36221796352.0
2024-04-06 11:33:53,68520.15625,68658.070313,66572.023438,62730.1,66886.757813,36221796352.0
2024-04-06 11:34:27,68520.15625,68658.070313,66572.023438,62726.0,66886.757813,36221796352.0
2024-04-06 11:35:02,68520.15625,68658.070313,66572.023438,62726.1,66886.757813,36221796352.0
2024-04-06 11:35:36,68520.15625,68658.070313,66572.023438,62726.1,66886.757813,36221796352.0
2024-04-06 11:36:09,68520.15625,68658.070313,66572.023438,62726.1,66886.757813,36221796352.0
2024-04-06 11:36:41,68520.15625,68658.070313,66572.023438,62726.0,66886.757813,36221796352.0
2024-04-06 11:37:14,68520.15625,68658.070313,66572.023438,62726.1,66886.757813,36221796352.0
2024-04-06 11:37:48,68520.15625,68658.070313,66572.023438,62726.1,66886.757813,36221796352.0
2024-04-06 11:38:22,68520.15625,68658.070313,66572.023438,62726.0,66886.757813,36221796352.0
2024-04-06 11:38:57,68520.15625,68658.070313,66572.023438,62726.1,66886.757813,36221796352.0
2024-04-06 11:39:32,68520.15625,68658.070313,66572.023438,62726.1,66886.757813,36221796352.0
2024-04-06 11:40:05,68520.15625,68658.070313,66572.023438,62726.1,66886.757813,36221796352.0
2024-04-06 11:40:44,68520.15625,68658.070313,66572.023438,62725.1,66886.757813,36221796352.0
2024-04-06 11:41:25,68520.15625,68658.070313,66572.023438,62740.0,66886.757813,36221796352.0
2024-04-06 11:42:02,68520.15625,68658.070313,66572.023438,62762.5,66886.757813,36221796352.0
2024-04-06 11:42:46,68520.15625,68658.070313,66572.023438,62754.7,66886.757813,36221796352.0
2024-04-06 11:43:33,68520.15625,68658.070313,66572.023438,62754.8,66886.757813,36221796352.0
2024-04-06 11:44:11,68520.15625,68658.070313,66572.023438,62733.1,66886.757813,36221796352.0
2024-04-06 11:44:50,68520.15625,68658.070313,66572.023438,62728.2,66886.757813,36221796352.0
2024-04-06 11:45:28,68520.15625,68658.070313,66572.023438,62728.2,66886.757813,36221796352.0
2024-04-06 11:46:04,68520.15625,68658.070313,66572.023438,62728.2,66886.757813,36221796352.0
2024-04-06 11:46:35,68520.15625,68658.070313,66572.023438,62748.7,66886.757813,36221796352.0
2024-04-06 11:47:14,68520.15625,68658.070313,66572.023438,62748.7,66886.757813,36221796352.0
2024-04-06 11:47:50,68520.15625,68658.070313,66572.023438,62748.7,66886.757813,36221796352.0
2024-04-06 11:48:28,68520.15625,68658.070313,66572.023438,62737.3,66886.757813,36221796352.0
2024-04-06 11:49:05,68520.15625,68658.070313,66572.023438,62725.3,66886.757813,36221796352.0
2024-04-06 11:49:37,68520.15625,68658.070313,66572.023438,62725.1,66886.757813,36221796352.0
2024-04-06 11:50:11,68520.15625,68658.070313,66572.023438,62725.1,66886.757813,36221796352.0
2024-04-06 11:50:43,68520.15625,68658.070313,66572.023438,62725.1,66886.757813,36221796352.0
2024-04-06 11:51:18,68520.15625,68658.070313,66572.023438,62725.1,66886.757813,36221796352.0
2024-04-06 11:51:53,68520.15625,68658.070313,66572.023438,62720.1,66886.757813,36221796352.0
2024-04-06 11:52:28,68520.15625,68658.070313,66572.023438,62720.1,66886.757813,36221796352.0
2024-04-06 11:53:01,68520.15625,68658.070313,66572.023438,62720.0,66886.757813,36221796352.0
2024-04-06 11:53:35,68520.15625,68658.070313,66572.023438,62750.9,66886.757813,36221796352.0
2024-04-06 11:54:06,68520.15625,68658.070313,66572.023438,62750.8,66886.757813,36221796352.0
2024-04-06 11:54:41,68520.15625,68658.070313,66572.023438,62750.8,66886.757813,36221796352.0
2024-04-06 11:55:08,68520.15625,68658.070313,66572.023438,62750.9,66886.757813,36221796352.0
2024-04-06 11:55:35,68520.15625,68658.070313,66572.023438,62750.9,66886.757813,36221796352.0
2024-04-06 11:56:10,68520.15625,68658.070313,66572.023438,62690.1,66886.757813,36221796352.0
2024-04-06 11:56:45,68520.15625,68658.070313,66572.023438,62684.1,66886.757813,36221796352.0
2024-04-06 11:57:22,68520.15625,68658.070313,66572.023438,62675.0,66886.757813,36221796352.0
2024-04-06 11:57:59,68520.15625,68658.070313,66572.023438,62641.4,66886.757813,36221796352.0
2024-04-06 11:58:33,68520.15625,68658.070313,66572.023438,62654.6,66886.757813,36221796352.0
2024-04-06 11:59:10,68520.15625,68658.070313,66572.023438,62654.6,66886.757813,36221796352.0
2024-04-06 11:59:46,68520.15625,68658.070313,66572.023438,62645.2,66886.757813,36221796352.0
2024-04-06 12:00:24,68520.15625,68658.070313,66572.023438,62645.3,66886.757813,36221796352.0
2024-04-06 12:01:01,68520.15625,68658.070313,66572.023438,62663.4,66886.757813,36221796352.0
2024-04-06 12:01:37,68520.15625,68658.070313,66572.023438,62667.1,66886.757813,36221796352.0
2024-04-06 12:02:12,68520.15625,68658.070313,66572.023438,62672.6,66886.757813,36221796352.0
2024-04-06 12:02:47,68520.15625,68658.070313,66572.023438,62662.7,66886.757813,36221796352.0
2024-04-06 12:03:22,68520.15625,68658.070313,66572.023438,62672.0,66886.757813,36221796352.0
2024-04-06 12:04:00,68520.15625,68658.070313,66572.023438,62666.1,66886.757813,36221796352.0
2024-04-06 12:04:35,68520.15625,68658.070313,66572.023438,62669.2,66886.757813,36221796352.0
2024-04-06 12:05:09,68520.15625,68658.070313,66572.023438,62667.1,66886.757813,36221796352.0
2024-04-06 12:05:46,68520.15625,68658.070313,66572.023438,62667.1,66886.757813,36221796352.0
2024-04-06 12:06:23,68520.15625,68658.070313,66572.023438,62667.0,66886.757813,36221796352.0
2024-04-06 12:07:00,68520.15625,68658.070313,66572.023438,62667.1,66886.757813,36221796352.0
2024-04-06 12:07:37,68520.15625,68658.070313,66572.023438,62667.1,66886.757813,36221796352.0
2024-04-06 12:08:14,68520.15625,68658.070313,66572.023438,62656.8,66886.757813,36221796352.0
2024-04-06 12:08:50,68520.15625,68658.070313,66572.023438,62656.8,66886.757813,36221796352.0
2024-04-06 12:09:24,68520.15625,68658.070313,66572.023438,62659.0,66886.757813,36221796352.0
2024-04-06 12:09:57,68520.15625,68658.070313,66572.023438,62678.7,66886.757813,36221796352.0
2024-04-06 12:10:35,68520.15625,68658.070313,66572.023438,62678.1,66886.757813,36221796352.0
2024-04-06 12:11:11,68520.15625,68658.070313,66572.023438,62678.1,66886.757813,36221796352.0
2024-04-06 12:11:47,68520.15625,68658.070313,66572.023438,62658.4,66886.757813,36221796352.0
2024-04-06 12:12:21,68520.15625,68658.070313,66572.023438,62671.6,66886.757813,36221796352.0
2024-04-06 12:12:55,68520.15625,68658.070313,66572.023438,62688.9,66886.757813,36221796352.0
2024-04-06 12:13:30,68520.15625,68658.070313,66572.023438,62696.6,66886.757813,36221796352.0
2024-04-06 12:14:07,68520.15625,68658.070313,66572.023438,62696.6,66886.757813,36221796352.0
2024-04-06 12:14:40,68520.15625,68658.070313,66572.023438,62689.8,66886.757813,36221796352.0
2024-04-06 12:15:19,68520.15625,68658.070313,66572.023438,62696.6,66886.757813,36221796352.0
2024-04-06 12:15:55,68520.15625,68658.070313,66572.023438,62672.9,66886.757813,36221796352.0
2024-04-06 12:16:33,68520.15625,68658.070313,66572.023438,62654.1,66886.757813,36221796352.0
2024-04-06 12:17:10,,,,62664.70000,,
